Model,Average WER,Average Time
Whisper,0.16881016042780744,3.4352232456207275
Faster Whisper,0.15547682709447413,4.0843432426452635
Wav2Vec2,0.04246753246753246,0.5446163415908813
